日期,股票代码,名称,收盘价,最高价,最低价,开盘价,前一天收盘价,涨跌额,涨跌幅,换手率,成交量,成交金额,总市值,流通市值
2018/9/25,'601857,中国石油,8.89,9.1,8.86,8.86,8.81,0.08,0.9081,0.0333,53980250,483253071,1.63E+12,1.44E+12
2018/9/26,'601857,中国石油,9.05,9.09,8.83,8.86,8.89,0.16,1.7998,0.035,56594865,510305511,1.66E+12,1.47E+12
2018/9/27,'601857,中国石油,9.11,9.17,8.99,9.03,9.05,0.06,0.663,0.0291,47152820,429052656,1.67E+12,1.48E+12
2018/9/28,'601857,中国石油,9.17,9.17,9.01,9.11,9.11,0.06,0.6586,0.0265,42977314,390526003,1.68E+12,1.48E+12
2018/10/8,'601857,中国石油,8.83,9.3,8.81,9.11,9.17,-0.34,-3.7077,0.0529,85611062,776121413,1.62E+12,1.43E+12
2018/10/9,'601857,中国石油,9.22,9.34,8.83,8.83,8.83,0.39,4.4168,0.0565,91499104,837079259,1.69E+12,1.49E+12
2018/10/10,'601857,中国石油,9.33,9.34,9.13,9.2,9.22,0.11,1.1931,0.0315,50939564,470760090,1.71E+12,1.51E+12
2018/10/11,'601857,中国石油,8.83,9.07,8.64,8.97,9.33,-0.5,-5.3591,0.0614,99412026,882853587,1.62E+12,1.43E+12
2018/10/12,'601857,中国石油,8.91,8.95,8.6,8.72,8.83,0.08,0.906,0.0375,60684024,531155033,1.63E+12,1.44E+12
2018/10/15,'601857,中国石油,8.83,9.05,8.66,8.82,8.91,-0.08,-0.8979,0.0358,57934742,512418966,1.62E+12,1.43E+12
2018/10/16,'601857,中国石油,8.92,9.08,8.75,8.79,8.83,0.09,1.0193,0.0308,49914400,447080976,1.63E+12,1.44E+12
2018/10/17,'601857,中国石油,9.09,9.14,8.94,8.97,8.92,0.17,1.9058,0.0382,61819921,559824565,1.66E+12,1.47E+12
2018/10/18,'601857,中国石油,8.37,8.94,8.35,8.93,9.09,-0.72,-7.9208,0.0663,107280410,921621140,1.53E+12,1.36E+12
2018/10/19,'601857,中国石油,8.52,8.56,8.09,8.14,8.37,0.15,1.7921,0.0478,77360600,643530573,1.56E+12,1.38E+12
2018/10/22,'601857,中国石油,8.7,8.79,8.44,8.47,8.52,0.18,2.1127,0.0576,93323289,808174144,1.59E+12,1.41E+12
2018/10/23,'601857,中国石油,8.52,8.74,8.49,8.55,8.7,-0.18,-2.069,0.0288,46629881,401072639,1.56E+12,1.38E+12
2018/10/24,'601857,中国石油,8.3,8.41,8.11,8.21,8.52,-0.22,-2.5822,0.0472,76388165,629633654,1.52E+12,1.34E+12
2018/10/25,'601857,中国石油,8.27,8.27,8.1,8.14,8.3,-0.03,-0.3614,0.0282,45625981,373690998,1.51E+12,1.34E+12
2018/10/26,'601857,中国石油,8.24,8.37,8.21,8.3,8.27,-0.03,-0.3628,0.0258,41806777,346358966,1.51E+12,1.33E+12
2018/10/29,'601857,中国石油,8.23,8.4,8.18,8.4,8.24,-0.01,-0.1214,0.0325,52577457,435887444,1.51E+12,1.33E+12
2018/10/30,'601857,中国石油,8.26,8.28,8.06,8.23,8.23,0.03,0.3645,0.0298,48286283,396194025,1.51E+12,1.34E+12
2018/10/31,'601857,中国石油,8.31,8.33,8.16,8.31,8.26,0.05,0.6053,0.0389,63014075,518973910,1.52E+12,1.35E+12
2018/11/1,'601857,中国石油,8.2,8.35,8.19,8.24,8.31,-0.11,-1.3237,0.0442,71597755,591548744,1.50E+12,1.33E+12
2018/11/2,'601857,中国石油,8.31,8.33,8.11,8.2,8.2,0.11,1.3415,0.0568,91912763,756038670,1.52E+12,1.35E+12
2018/11/5,'601857,中国石油,8.29,8.3,8.18,8.22,8.31,-0.02,-0.2407,0.035,56675656,466325811,1.52E+12,1.34E+12
2018/11/6,'601857,中国石油,8.35,8.38,8.23,8.26,8.29,0.06,0.7238,0.0438,70961967,590858259,1.53E+12,1.35E+12
2018/11/7,'601857,中国石油,8.19,8.32,8.16,8.3,8.35,-0.16,-1.9162,0.0369,59829537,492506101,1.50E+12,1.33E+12
2018/11/8,'601857,中国石油,8.23,8.27,8.18,8.21,8.19,0.04,0.4884,0.0282,45737479,376343824,1.51E+12,1.33E+12
2018/11/9,'601857,中国石油,8.09,8.18,8.09,8.14,8.23,-0.14,-1.7011,0.0247,39916683,324283781,1.48E+12,1.31E+12
2018/11/12,'601857,中国石油,8.12,8.13,8.05,8.07,8.09,0.03,0.3708,0.028,45400312,367509236,1.49E+12,1.31E+12
2018/11/13,'601857,中国石油,8.06,8.07,7.92,8,8.12,-0.06,-0.7389,0.0424,68634394,548124651,1.48E+12,1.31E+12
2018/11/14,'601857,中国石油,7.84,7.89,7.77,7.81,8.06,-0.22,-2.7295,0.0441,71342371,558846624,1.43E+12,1.27E+12
2018/11/15,'601857,中国石油,7.87,7.87,7.81,7.86,7.84,0.03,0.3827,0.0329,53334064,418276853,1.44E+12,1.27E+12
2018/11/16,'601857,中国石油,7.86,7.88,7.81,7.86,7.87,-0.01,-0.1271,0.0324,52418174,411281807,1.44E+12,1.27E+12
2018/11/19,'601857,中国石油,7.91,7.91,7.82,7.85,7.86,0.05,0.6361,0.0353,57192650,449817959,1.45E+12,1.28E+12
2018/11/20,'601857,中国石油,7.83,7.89,7.8,7.86,7.91,-0.08,-1.0114,0.0282,45706384,358294771,1.43E+12,1.27E+12
2018/11/21,'601857,中国石油,7.71,7.72,7.65,7.69,7.83,-0.12,-1.5326,0.031,50213616,385923325,1.41E+12,1.25E+12
2018/11/22,'601857,中国石油,7.73,7.74,7.69,7.71,7.71,0.02,0.2594,0.0203,32902792,253870754,1.41E+12,1.25E+12
2018/11/23,'601857,中国石油,7.64,7.72,7.62,7.71,7.73,-0.09,-1.1643,0.0255,41241096,316643034,1.40E+12,1.24E+12
2018/11/26,'601857,中国石油,7.6,7.61,7.47,7.58,7.64,-0.04,-0.5236,0.0266,43105729,325224584,1.39E+12,1.23E+12
2018/11/27,'601857,中国石油,7.56,7.62,7.53,7.61,7.6,-0.04,-0.5263,0.0191,30864244,233778774,1.38E+12,1.22E+12
2018/11/28,'601857,中国石油,7.61,7.63,7.55,7.56,7.56,0.05,0.6614,0.0202,32650544,247774685,1.39E+12,1.23E+12
2018/11/29,'601857,中国石油,7.56,7.65,7.55,7.58,7.61,-0.05,-0.657,0.022,35616646,270483918,1.38E+12,1.22E+12
2018/11/30,'601857,中国石油,7.61,7.63,7.57,7.58,7.56,0.05,0.6614,0.0194,31384657,238552844,1.39E+12,1.23E+12
2018/12/3,'601857,中国石油,7.73,7.8,7.65,7.72,7.61,0.12,1.5769,0.0495,80155247,619054360,1.41E+12,1.25E+12
2018/12/4,'601857,中国石油,7.73,7.75,7.7,7.71,7.73,0,0,0.0287,46475967,359067101,1.41E+12,1.25E+12
2018/12/5,'601857,中国石油,7.67,7.73,7.65,7.65,7.73,-0.06,-0.7762,0.019,30732771,236150880,1.40E+12,1.24E+12
2018/12/6,'601857,中国石油,7.6,7.65,7.55,7.62,7.67,-0.07,-0.9126,0.0198,32009739,243010592,1.39E+12,1.23E+12
2018/12/7,'601857,中国石油,7.57,7.6,7.55,7.59,7.6,-0.03,-0.3947,0.0145,23479823,177808307,1.39E+12,1.23E+12
2018/12/10,'601857,中国石油,7.62,7.62,7.57,7.61,7.57,0.05,0.6605,0.0199,32301124,245517480,1.39E+12,1.23E+12
2018/12/11,'601857,中国石油,7.58,7.6,7.56,7.57,7.62,-0.04,-0.5249,0.0134,21735291,164629874,1.39E+12,1.23E+12
2018/12/12,'601857,中国石油,7.64,7.66,7.59,7.63,7.58,0.06,0.7916,0.0149,24058208,183426084,1.40E+12,1.24E+12
2018/12/13,'601857,中国石油,7.71,7.74,7.61,7.62,7.64,0.07,0.9162,0.0214,34700069,267256943,1.41E+12,1.25E+12
2018/12/14,'601857,中国石油,7.69,7.8,7.68,7.74,7.71,-0.02,-0.2594,0.0387,62583548,484926063,1.41E+12,1.25E+12
2018/12/17,'601857,中国石油,7.72,7.75,7.64,7.65,7.69,0.03,0.3901,0.0204,32998682,254254878,1.41E+12,1.25E+12
2018/12/18,'601857,中国石油,7.63,7.69,7.6,7.67,7.72,-0.09,-1.1658,0.0194,31488092,240670391,1.40E+12,1.24E+12
2018/12/19,'601857,中国石油,7.47,7.59,7.47,7.59,7.63,-0.16,-2.097,0.0244,39498704,296610073,1.37E+12,1.21E+12
2018/12/20,'601857,中国石油,7.43,7.5,7.38,7.47,7.47,-0.04,-0.5355,0.0178,28768430,213621847,1.36E+12,1.20E+12
2018/12/21,'601857,中国石油,7.4,7.4,7.35,7.39,7.43,-0.03,-0.4038,0.0186,30064568,221855676,1.35E+12,1.20E+12
2018/12/24,'601857,中国石油,7.42,7.45,7.35,7.37,7.4,0.02,0.2703,0.0163,26398395,195247299,1.36E+12,1.20E+12
2018/12/25,'601857,中国石油,7.27,7.32,7.2,7.32,7.42,-0.15,-2.0216,0.0258,41740830,302796657,1.33E+12,1.18E+12
2018/12/26,'601857,中国石油,7.25,7.3,7.24,7.26,7.27,-0.02,-0.2751,0.0116,18835611,136913711,1.33E+12,1.17E+12
2018/12/27,'601857,中国石油,7.22,7.47,7.15,7.42,7.25,-0.03,-0.4138,0.0489,79241604,577648316,1.32E+12,1.17E+12
2018/12/28,'601857,中国石油,7.21,7.25,7.14,7.17,7.22,-0.01,-0.1385,0.0208,33628507,242428740,1.32E+12,1.17E+12
2019/1/2,'601857,中国石油,7.16,7.24,7.12,7.21,7.21,-0.05,-0.6935,0.0206,33328559,238296722,1.31E+12,1.16E+12
2019/1/3,'601857,中国石油,7.21,7.21,7.13,7.16,7.16,0.05,0.6983,0.0153,24736911,177485219,1.32E+12,1.17E+12
2019/1/4,'601857,中国石油,7.29,7.3,7.17,7.2,7.21,0.08,1.1096,0.0218,35343961,255742293,1.33E+12,1.18E+12
2019/1/7,'601857,中国石油,7.32,7.37,7.28,7.32,7.29,0.03,0.4115,0.026,42101919,308369737,1.34E+12,1.19E+12
2019/1/8,'601857,中国石油,7.33,7.35,7.3,7.33,7.32,0.01,0.1366,0.0161,26065223,191078480,1.34E+12,1.19E+12
2019/1/9,'601857,中国石油,7.33,7.42,7.32,7.39,7.33,0,0,0.0232,37616326,277799749,1.34E+12,1.19E+12
2019/1/10,'601857,中国石油,7.35,7.4,7.34,7.4,7.33,0.02,0.2729,0.0186,30102473,221781711,1.35E+12,1.19E+12
2019/1/11,'601857,中国石油,7.38,7.39,7.34,7.38,7.35,0.03,0.4082,0.0133,21461189,157943174,1.35E+12,1.19E+12
2019/1/14,'601857,中国石油,7.31,7.39,7.3,7.35,7.38,-0.07,-0.9485,0.0133,21518889,157683619,1.34E+12,1.18E+12
2019/1/15,'601857,中国石油,7.34,7.36,7.31,7.33,7.31,0.03,0.4104,0.0157,25392221,186094725,1.34E+12,1.19E+12
2019/1/16,'601857,中国石油,7.34,7.38,7.33,7.36,7.34,0,0,0.0158,25576338,187967219,1.34E+12,1.19E+12
2019/1/17,'601857,中国石油,7.31,7.36,7.3,7.35,7.34,-0.03,-0.4087,0.0138,22346146,163778737,1.34E+12,1.18E+12
2019/1/18,'601857,中国石油,7.35,7.36,7.28,7.34,7.31,0.04,0.5472,0.0273,44226865,324003804,1.35E+12,1.19E+12
2019/1/21,'601857,中国石油,7.39,7.41,7.36,7.38,7.35,0.04,0.5442,0.0253,40927399,302040345,1.35E+12,1.20E+12
2019/1/22,'601857,中国石油,7.32,7.44,7.3,7.42,7.39,-0.07,-0.9472,0.0247,39914280,294229315,1.34E+12,1.19E+12
2019/1/23,'601857,中国石油,7.26,7.31,7.26,7.3,7.32,-0.06,-0.8197,0.0171,27745951,202038405,1.33E+12,1.18E+12
2019/1/24,'601857,中国石油,7.28,7.29,7.22,7.27,7.26,0.02,0.2755,0.0165,26758065,194166342,1.33E+12,1.18E+12
2019/1/25,'601857,中国石油,7.28,7.31,7.26,7.29,7.28,0,0,0.0226,36675181,267034666,1.33E+12,1.18E+12
2019/1/28,'601857,中国石油,7.27,7.33,7.26,7.3,7.28,-0.01,-0.1374,0.0227,36675630,267529820,1.33E+12,1.18E+12
2019/1/29,'601857,中国石油,7.27,7.29,7.21,7.24,7.27,0,0,0.0214,34698401,251245309,1.33E+12,1.18E+12
2019/1/30,'601857,中国石油,7.25,7.29,7.24,7.28,7.27,-0.02,-0.2751,0.0158,25554568,185679617,1.33E+12,1.17E+12
2019/1/31,'601857,中国石油,7.32,7.33,7.25,7.28,7.25,0.07,0.9655,0.0283,45899364,334720838,1.34E+12,1.19E+12
2019/2/1,'601857,中国石油,7.35,7.35,7.28,7.33,7.32,0.03,0.4098,0.0282,45587096,333705104,1.35E+12,1.19E+12
2019/2/11,'601857,中国石油,7.36,7.38,7.3,7.32,7.35,0.01,0.1361,0.0277,44861456,329406059,1.35E+12,1.19E+12
2019/2/12,'601857,中国石油,7.41,7.41,7.33,7.36,7.36,0.05,0.6793,0.0302,48893700,360408434,1.36E+12,1.20E+12
2019/2/13,'601857,中国石油,7.53,7.57,7.39,7.41,7.41,0.12,1.6194,0.0625,101185832,755716612,1.38E+12,1.22E+12
2019/2/14,'601857,中国石油,7.51,7.53,7.47,7.51,7.53,-0.02,-0.2656,0.0314,50792784,380961534,1.37E+12,1.22E+12
2019/2/15,'601857,中国石油,7.45,7.54,7.45,7.49,7.51,-0.06,-0.7989,0.0251,40684843,304497480,1.36E+12,1.21E+12
2019/2/18,'601857,中国石油,7.57,7.58,7.49,7.49,7.45,0.12,1.6107,0.0502,81292828,612639483,1.39E+12,1.23E+12
2019/2/19,'601857,中国石油,7.59,7.62,7.53,7.57,7.57,0.02,0.2642,0.0524,84884371,642923169,1.39E+12,1.23E+12
2019/2/20,'601857,中国石油,7.58,7.6,7.54,7.6,7.59,-0.01,-0.1318,0.0306,49597457,375427035,1.39E+12,1.23E+12
2019/2/21,'601857,中国石油,7.52,7.6,7.5,7.57,7.58,-0.06,-0.7916,0.0441,71477845,539670537,1.38E+12,1.22E+12
2019/2/22,'601857,中国石油,7.57,7.57,7.45,7.49,7.52,0.05,0.6649,0.0466,75517309,567358495,1.39E+12,1.23E+12
2019/2/25,'601857,中国石油,7.85,7.85,7.58,7.58,7.57,0.28,3.6988,0.1307,211625670,1636201634,1.44E+12,1.27E+12
2019/2/26,'601857,中国石油,7.8,7.89,7.73,7.8,7.85,-0.05,-0.6369,0.0987,159862765,1247082066,1.43E+12,1.26E+12
2019/2/27,'601857,中国石油,7.83,7.94,7.77,7.78,7.8,0.03,0.3846,0.0829,134180341,1052128400,1.43E+12,1.27E+12
2019/2/28,'601857,中国石油,7.83,7.87,7.78,7.86,7.83,0,0,0.0561,90903349,711663008,1.43E+12,1.27E+12
2019/3/1,'601857,中国石油,7.88,7.89,7.78,7.84,7.83,0.05,0.6386,0.0649,105034811,822261220,1.44E+12,1.28E+12
2019/3/4,'601857,中国石油,7.91,8.02,7.84,7.88,7.88,0.03,0.3807,0.12,194358740,1538655941,1.45E+12,1.28E+12
2019/3/5,'601857,中国石油,7.87,7.9,7.81,7.89,7.91,-0.04,-0.5057,0.0876,141783053,1112282661,1.44E+12,1.27E+12
2019/3/6,'601857,中国石油,7.98,8.02,7.85,7.86,7.87,0.11,1.3977,0.124,200833682,1591998137,1.46E+12,1.29E+12
2019/3/7,'601857,中国石油,7.94,7.97,7.89,7.95,7.98,-0.04,-0.5013,0.1025,166033653,1315739499,1.45E+12,1.29E+12
2019/3/8,'601857,中国石油,7.66,7.89,7.66,7.88,7.94,-0.28,-3.5264,0.0956,154840494,1205115696,1.40E+12,1.24E+12
2019/3/11,'601857,中国石油,7.71,7.71,7.6,7.66,7.66,0.05,0.6527,0.0682,110432684,845021339,1.41E+12,1.25E+12
2019/3/12,'601857,中国石油,7.75,7.84,7.7,7.73,7.71,0.04,0.5188,0.0922,149263216,1158483739,1.42E+12,1.25E+12
2019/3/13,'601857,中国石油,7.69,7.76,7.64,7.75,7.75,-0.06,-0.7742,0.0625,101263070,779380424,1.41E+12,1.25E+12
2019/3/14,'601857,中国石油,7.67,7.79,7.63,7.72,7.69,-0.02,-0.2601,0.0612,99089540,764126489,1.40E+12,1.24E+12
2019/3/15,'601857,中国石油,7.7,7.72,7.65,7.68,7.67,0.03,0.3911,0.0552,89442999,687066841,1.41E+12,1.25E+12
2019/3/18,'601857,中国石油,7.81,7.82,7.67,7.69,7.7,0.11,1.4286,0.0781,126520789,980318688,1.43E+12,1.26E+12
2019/3/19,'601857,中国石油,7.8,7.86,7.77,7.83,7.81,-0.01,-0.128,0.0687,111315377,868546150,1.43E+12,1.26E+12
2019/3/20,'601857,中国石油,7.77,7.82,7.71,7.8,7.8,-0.03,-0.3846,0.0605,98027619,761127703,1.42E+12,1.26E+12
2019/3/21,'601857,中国石油,7.82,7.87,7.75,7.78,7.77,0.05,0.6435,0.0835,135233085,1055387210,1.43E+12,1.27E+12
2019/3/22,'601857,中国石油,7.77,7.83,7.72,7.82,7.82,-0.05,-0.6394,0.0614,99361867,771770126,1.42E+12,1.26E+12
2019/3/25,'601857,中国石油,7.6,7.68,7.59,7.67,7.77,-0.17,-2.1879,0.0778,125930158,962134696,1.39E+12,1.23E+12
2019/3/26,'601857,中国石油,7.54,7.64,7.52,7.63,7.6,-0.06,-0.7895,0.0507,82069556,621132436,1.38E+12,1.22E+12
2019/3/27,'601857,中国石油,7.55,7.58,7.53,7.57,7.54,0.01,0.1326,0.0336,54435104,411094402,1.38E+12,1.22E+12
2019/3/28,'601857,中国石油,7.49,7.53,7.48,7.51,7.55,-0.06,-0.7947,0.0347,56216556,421594488,1.37E+12,1.21E+12
2019/3/29,'601857,中国石油,7.6,7.61,7.48,7.49,7.49,0.11,1.4686,0.0543,87857838,663826519,1.39E+12,1.23E+12
2019/4/1,'601857,中国石油,7.69,7.71,7.56,7.58,7.6,0.09,1.1842,0.1395,225952407,1726215902,1.41E+12,1.25E+12
2019/4/2,'601857,中国石油,7.66,7.72,7.64,7.72,7.69,-0.03,-0.3901,0.0691,111855466,857669590,1.40E+12,1.24E+12
2019/4/3,'601857,中国石油,7.73,7.74,7.64,7.65,7.66,0.07,0.9138,0.0795,128697591,989422798,1.41E+12,1.25E+12
2019/4/4,'601857,中国石油,7.73,7.77,7.69,7.72,7.73,0,0,0.1024,165772667,1281242640,1.41E+12,1.25E+12
2019/4/8,'601857,中国石油,7.77,7.82,7.71,7.79,7.73,0.04,0.5175,0.1194,193283701,1502557892,1.42E+12,1.26E+12
2019/4/9,'601857,中国石油,7.73,7.8,7.7,7.79,7.77,-0.04,-0.5148,0.0678,109721784,848963217,1.41E+12,1.25E+12
2019/4/10,'601857,中国石油,7.69,7.71,7.64,7.71,7.73,-0.04,-0.5175,0.0643,104086471,798512964,1.41E+12,1.25E+12
2019/4/11,'601857,中国石油,7.62,7.72,7.6,7.69,7.69,-0.07,-0.9103,0.0562,91052634,697055672,1.39E+12,1.23E+12
2019/4/12,'601857,中国石油,7.64,7.64,7.59,7.61,7.62,0.02,0.2625,0.0422,68293665,520176146,1.40E+12,1.24E+12
2019/4/15,'601857,中国石油,7.61,7.7,7.61,7.67,7.64,-0.03,-0.3927,0.059,95604818,732990465,1.39E+12,1.23E+12
2019/4/16,'601857,中国石油,7.73,7.73,7.53,7.58,7.61,0.12,1.5769,0.0771,124865356,952904914,1.41E+12,1.25E+12
2019/4/17,'601857,中国石油,7.68,7.71,7.67,7.69,7.73,-0.05,-0.6468,0.0615,99635873,765933689,1.41E+12,1.24E+12
2019/4/18,'601857,中国石油,7.67,7.73,7.65,7.67,7.68,-0.01,-0.1302,0.0462,74874496,576188417,1.40E+12,1.24E+12
2019/4/19,'601857,中国石油,7.66,7.7,7.59,7.67,7.67,-0.01,-0.1304,0.059,95548280,730173163,1.40E+12,1.24E+12
2019/4/22,'601857,中国石油,7.73,7.83,7.64,7.68,7.66,0.07,0.9138,0.1293,209360734,1618522436,1.41E+12,1.25E+12
2019/4/23,'601857,中国石油,7.7,7.77,7.66,7.76,7.73,-0.03,-0.3881,0.0762,123347789,950714269,1.41E+12,1.25E+12
2019/4/24,'601857,中国石油,7.65,7.71,7.61,7.7,7.7,-0.05,-0.6494,0.0572,92598979,708828794,1.40E+12,1.24E+12
2019/4/25,'601857,中国石油,7.51,7.64,7.51,7.63,7.65,-0.14,-1.8301,0.0615,99542227,754122491,1.37E+12,1.22E+12
2019/4/26,'601857,中国石油,7.42,7.5,7.42,7.49,7.51,-0.09,-1.1984,0.0565,91558751,683215962,1.36E+12,1.20E+12
2019/4/29,'601857,中国石油,7.4,7.46,7.37,7.41,7.42,-0.02,-0.2695,0.0461,74652785,553380657,1.35E+12,1.20E+12
2019/4/30,'601857,中国石油,7.41,7.43,7.37,7.39,7.4,0.01,0.1351,0.0349,56516854,418280290,1.36E+12,1.20E+12
2019/5/6,'601857,中国石油,7.34,7.47,7.15,7.32,7.41,-0.07,-0.9447,0.1114,180438834,1314310962,1.34E+12,1.19E+12
2019/5/7,'601857,中国石油,7.29,7.32,7.25,7.3,7.34,-0.05,-0.6812,0.0443,71732293,522394071,1.33E+12,1.18E+12
2019/5/8,'601857,中国石油,7.24,7.27,7.21,7.24,7.29,-0.05,-0.6859,0.037,59923257,433551455,1.33E+12,1.17E+12
2019/5/9,'601857,中国石油,7.21,7.26,7.2,7.21,7.24,-0.03,-0.4144,0.0333,53972965,390108930,1.32E+12,1.17E+12
2019/5/10,'601857,中国石油,7.28,7.3,7.19,7.23,7.21,0.07,0.9709,0.0564,91288943,662518556,1.33E+12,1.18E+12
2019/5/13,'601857,中国石油,7.24,7.34,7.18,7.25,7.28,-0.04,-0.5495,0.069,111733150,808973456,1.33E+12,1.17E+12
2019/5/14,'601857,中国石油,7.22,7.25,7.2,7.2,7.24,-0.02,-0.2762,0.0308,49887920,360154412,1.32E+12,1.17E+12
2019/5/15,'601857,中国石油,7.27,7.28,7.2,7.23,7.22,0.05,0.6925,0.0612,99030589,716090370,1.33E+12,1.18E+12
2019/5/16,'601857,中国石油,7.28,7.33,7.19,7.23,7.27,0.01,0.1376,0.0814,131814213,955631513,1.33E+12,1.18E+12
2019/5/17,'601857,中国石油,7.2,7.27,7.19,7.26,7.28,-0.08,-1.0989,0.0505,81833435,591049436,1.32E+12,1.17E+12
2019/5/20,'601857,中国石油,7.23,7.25,7.17,7.19,7.2,0.03,0.4167,0.047,76025867,547576549,1.32E+12,1.17E+12
2019/5/21,'601857,中国石油,7.23,7.25,7.2,7.21,7.23,0,0,0.0341,55253158,399464338,1.32E+12,1.17E+12
2019/5/22,'601857,中国石油,7.19,7.23,7.18,7.22,7.23,-0.04,-0.5533,0.0326,52820751,380377946,1.32E+12,1.16E+12
2019/5/23,'601857,中国石油,7.2,7.2,7.12,7.17,7.19,0.01,0.1391,0.0817,132281535,947349642,1.32E+12,1.17E+12
2019/5/24,'601857,中国石油,7.16,7.18,7.13,7.14,7.2,-0.04,-0.5556,0.0281,45428158,325247104,1.31E+12,1.16E+12
2019/5/27,'601857,中国石油,7.18,7.19,7.14,7.15,7.16,0.02,0.2793,0.0279,45143882,323417057,1.31E+12,1.16E+12
2019/5/28,'601857,中国石油,7.18,7.2,7.15,7.18,7.18,0,0,0.0467,75671601,543183866,1.31E+12,1.16E+12
2019/5/29,'601857,中国石油,7.15,7.18,7.15,7.16,7.18,-0.03,-0.4178,0.026,42170829,301942047,1.31E+12,1.16E+12
2019/5/30,'601857,中国石油,7.19,7.21,7.14,7.16,7.15,0.04,0.5594,0.0489,79113410,567790409,1.32E+12,1.16E+12
2019/5/31,'601857,中国石油,7.15,7.19,7.15,7.17,7.19,-0.04,-0.5563,0.028,45372108,325084883,1.31E+12,1.16E+12
2019/6/3,'601857,中国石油,7.13,7.16,7.12,7.14,7.15,-0.02,-0.2797,0.0341,55275068,394458667,1.30E+12,1.15E+12
2019/6/4,'601857,中国石油,7.1,7.14,7.08,7.13,7.13,-0.03,-0.4208,0.0296,47955483,340752980,1.30E+12,1.15E+12
2019/6/5,'601857,中国石油,7.1,7.13,7.09,7.12,7.1,0,0,0.0305,49377451,351169481,1.30E+12,1.15E+12
2019/6/6,'601857,中国石油,7.03,7.1,7.02,7.1,7.1,-0.07,-0.9859,0.0355,57547868,406036820,1.29E+12,1.14E+12
2019/6/10,'601857,中国石油,7.05,7.07,7.03,7.05,7.03,0.02,0.2845,0.0317,51282992,361294687,1.29E+12,1.14E+12
2019/6/11,'601857,中国石油,7.11,7.13,7.03,7.05,7.05,0.06,0.8511,0.0686,111139114,787231806,1.30E+12,1.15E+12
2019/6/12,'601857,中国石油,7.06,7.09,7.05,7.08,7.11,-0.05,-0.7032,0.0369,59802978,422801878,1.29E+12,1.14E+12
2019/6/13,'601857,中国石油,7.06,7.06,7,7.04,7.06,0,0,0.0527,85253361,598986587,1.29E+12,1.14E+12
2019/6/14,'601857,中国石油,7,7.05,7,7.05,7.06,-0.06,-0.8499,0.0403,65323967,458622106,1.28E+12,1.13E+12
2019/6/17,'601857,中国石油,7.01,7.02,6.99,7,7,0.01,0.1429,0.0317,51379526,359765743,1.28E+12,1.14E+12
2019/6/18,'601857,中国石油,6.93,7.01,6.92,7,7.01,-0.08,-1.1412,0.065,105195449,731450133,1.27E+12,1.12E+12
2019/6/19,'601857,中国石油,6.94,6.99,6.93,6.98,6.93,0.01,0.1443,0.0716,115911936,805970528,1.27E+12,1.12E+12
2019/6/20,'601857,中国石油,6.98,6.99,6.88,6.93,6.94,0.04,0.5764,0.0916,148395506,1029935199,1.28E+12,1.13E+12
2019/6/21,'601857,中国石油,7.03,7.03,6.99,7.01,6.98,0.05,0.7163,0.0853,138172446,968827643,1.29E+12,1.14E+12
2019/6/24,'601857,中国石油,7.01,7.02,6.98,7.02,7.03,-0.02,-0.2845,0.0516,83597755,584937388,1.28E+12,1.14E+12
2019/6/25,'601857,中国石油,6.96,7.01,6.93,7,7.01,-0.05,-0.7133,0.0548,88656608,617401244,1.27E+12,1.13E+12
2019/6/26,'601857,中国石油,6.99,7,6.95,6.95,6.96,0.03,0.431,0.0548,88704328,619040837,1.28E+12,1.13E+12
2019/6/27,'601857,中国石油,6.99,7.02,6.97,7,6.99,0,0,0.0662,107193628,749754532,1.28E+12,1.13E+12
2019/6/28,'601857,XD中国石,6.88,6.91,6.86,6.91,6.9,-0.02,-0.2899,0.0363,58735606,403929420,1.26E+12,1.11E+12
2019/7/1,'601857,中国石油,6.93,6.93,6.89,6.91,6.88,0.05,0.7267,0.076,123018849,849985076,1.27E+12,1.12E+12
2019/7/2,'601857,中国石油,6.91,6.92,6.89,6.91,6.93,-0.02,-0.2886,0.0427,69220383,477908890,1.26E+12,1.12E+12
2019/7/3,'601857,中国石油,6.88,6.9,6.86,6.9,6.91,-0.03,-0.4342,0.0453,73325455,504150611,1.26E+12,1.11E+12
2019/7/4,'601857,中国石油,6.9,6.91,6.87,6.88,6.88,0.02,0.2907,0.0416,67376194,463766206,1.26E+12,1.12E+12
2019/7/5,'601857,中国石油,6.86,6.9,6.83,6.89,6.9,-0.04,-0.5797,0.0712,115304483,791068412,1.26E+12,1.11E+12
2019/7/8,'601857,中国石油,6.75,6.86,6.72,6.85,6.86,-0.11,-1.6035,0.0731,118396878,801808842,1.24E+12,1.09E+12
2019/7/9,'601857,中国石油,6.71,6.75,6.7,6.74,6.75,-0.04,-0.5926,0.042,67967523,456469486,1.23E+12,1.09E+12
2019/7/10,'601857,中国石油,6.66,6.72,6.64,6.72,6.71,-0.05,-0.7452,0.0414,67042587,447810897,1.22E+12,1.08E+12
2019/7/11,'601857,中国石油,6.67,6.71,6.66,6.68,6.66,0.01,0.1502,0.0414,67040408,448215733,1.22E+12,1.08E+12
2019/7/12,'601857,中国石油,6.67,6.69,6.64,6.67,6.67,0,0,0.0297,48044859,320410969,1.22E+12,1.08E+12
2019/7/15,'601857,中国石油,6.64,6.67,6.57,6.66,6.67,-0.03,-0.4498,0.0445,72128654,477702043,1.22E+12,1.08E+12
2019/7/16,'601857,中国石油,6.62,6.64,6.61,6.63,6.64,-0.02,-0.3012,0.0295,47802359,316777657,1.21E+12,1.07E+12
2019/7/17,'601857,中国石油,6.6,6.62,6.58,6.6,6.62,-0.02,-0.3021,0.0302,48891363,322892609,1.21E+12,1.07E+12
2019/7/18,'601857,中国石油,6.53,6.59,6.53,6.58,6.6,-0.07,-1.0606,0.047,76040219,498311241,1.20E+12,1.06E+12
2019/7/19,'601857,中国石油,6.55,6.58,6.53,6.54,6.53,0.02,0.3063,0.0358,57948291,379940347,1.20E+12,1.06E+12
2019/7/22,'601857,中国石油,6.45,6.55,6.45,6.55,6.55,-0.1,-1.5267,0.0525,84994174,551270067,1.18E+12,1.04E+12
2019/7/23,'601857,中国石油,6.45,6.47,6.43,6.45,6.45,0,0,0.0314,50822041,327567582,1.18E+12,1.04E+12
2019/7/24,'601857,中国石油,6.48,6.5,6.45,6.45,6.45,0.03,0.4651,0.0384,62202602,402852461,1.19E+12,1.05E+12
2019/7/25,'601857,中国石油,6.47,6.47,6.44,6.47,6.48,-0.01,-0.1543,0.0266,43038711,277975274,1.18E+12,1.05E+12
2019/7/26,'601857,中国石油,6.54,6.57,6.44,6.45,6.47,0.07,1.0819,0.0718,116335248,757442497,1.20E+12,1.06E+12
2019/7/29,'601857,中国石油,6.54,6.56,6.51,6.52,6.54,0,0,0.0349,56523870,369504140,1.20E+12,1.06E+12
2019/7/30,'601857,中国石油,6.54,6.56,6.53,6.56,6.54,0,0,0.0292,47269200,309282604,1.20E+12,1.06E+12
2019/7/31,'601857,中国石油,6.51,6.55,6.5,6.54,6.54,-0.03,-0.4587,0.0248,40173380,261776936,1.19E+12,1.05E+12
2019/8/1,'601857,中国石油,6.46,6.5,6.45,6.49,6.51,-0.05,-0.768,0.0313,50752817,328507065,1.18E+12,1.05E+12
2019/8/2,'601857,中国石油,6.33,6.38,6.31,6.38,6.46,-0.13,-2.0124,0.0592,95839322,607698285,1.16E+12,1.02E+12
2019/8/5,'601857,中国石油,6.25,6.32,6.25,6.31,6.33,-0.08,-1.2638,0.0403,65246356,409216740,1.14E+12,1.01E+12
2019/8/6,'601857,中国石油,6.16,6.19,6.13,6.17,6.25,-0.09,-1.44,0.0558,90367104,556623325,1.13E+12,9.97E+11
2019/8/7,'601857,中国石油,6.2,6.28,6.13,6.16,6.16,0.04,0.6494,0.055,88996986,551871342,1.13E+12,1.00E+12
2019/8/8,'601857,中国石油,6.17,6.2,6.16,6.17,6.2,-0.03,-0.4839,0.0356,57586013,355890045,1.13E+12,9.99E+11
2019/8/9,'601857,中国石油,6.17,6.22,6.14,6.19,6.17,0,0,0.0349,56478575,348868483,1.13E+12,9.99E+11
2019/8/12,'601857,中国石油,6.19,6.19,6.15,6.17,6.17,0.02,0.3241,0.0258,41709671,257521139,1.13E+12,1.00E+12
2019/8/13,'601857,中国石油,6.14,6.17,6.13,6.17,6.19,-0.05,-0.8078,0.0264,42810762,263203285,1.12E+12,9.94E+11
2019/8/14,'601857,中国石油,6.14,6.19,6.13,6.17,6.14,0,0,0.0301,48662603,299794558,1.12E+12,9.94E+11
2019/8/15,'601857,中国石油,6.1,6.11,6.03,6.06,6.14,-0.04,-0.6515,0.0357,57756532,350652907,1.12E+12,9.88E+11
2019/8/16,'601857,中国石油,6.1,6.12,6.07,6.09,6.1,0,0,0.0278,44962180,274045605,1.12E+12,9.88E+11
2019/8/19,'601857,中国石油,6.18,6.18,6.08,6.1,6.1,0.08,1.3115,0.0432,69927360,429057763,1.13E+12,1.00E+12
2019/8/20,'601857,中国石油,6.19,6.22,6.15,6.17,6.18,0.01,0.1618,0.0325,52564402,325448086,1.13E+12,1.00E+12
2019/8/21,'601857,中国石油,6.17,6.19,6.15,6.19,6.19,-0.02,-0.3231,0.0212,34287647,211565935,1.13E+12,9.99E+11
2019/8/22,'601857,中国石油,6.15,6.18,6.13,6.17,6.17,-0.02,-0.3241,0.023,37307378,229278903,1.13E+12,9.96E+11
2019/8/23,'601857,中国石油,6.12,6.17,6.11,6.16,6.15,-0.03,-0.4878,0.0264,42795686,262718694,1.12E+12,9.91E+11
2019/8/26,'601857,中国石油,6.07,6.07,6.02,6.03,6.12,-0.05,-0.817,0.0291,47107708,285089984,1.11E+12,9.83E+11
2019/8/27,'601857,中国石油,6.1,6.13,6.07,6.08,6.07,0.03,0.4942,0.0437,70802591,432429972,1.12E+12,9.88E+11
2019/8/28,'601857,中国石油,6.09,6.12,6.09,6.11,6.1,-0.01,-0.1639,0.0249,40329236,246148202,1.11E+12,9.86E+11
2019/8/29,'601857,中国石油,6.09,6.11,6.07,6.11,6.09,0,0,0.0211,34150998,207917722,1.11E+12,9.86E+11
2019/8/30,'601857,中国石油,6.12,6.16,6.09,6.12,6.09,0.03,0.4926,0.0426,68939478,422584410,1.12E+12,9.91E+11
2019/9/2,'601857,中国石油,6.16,6.17,6.1,6.11,6.12,0.04,0.6536,0.0382,61856812,380494750,1.13E+12,9.97E+11
2019/9/3,'601857,中国石油,6.15,6.16,6.13,6.16,6.16,-0.01,-0.1623,0.0241,39027877,239695443,1.13E+12,9.96E+11
2019/9/4,'601857,中国石油,6.19,6.19,6.14,6.15,6.15,0.04,0.6504,0.0465,75308273,464561742,1.13E+12,1.00E+12
2019/9/5,'601857,中国石油,6.23,6.29,6.21,6.21,6.19,0.04,0.6462,0.0623,100910130,630814027,1.14E+12,1.01E+12
2019/9/6,'601857,中国石油,6.26,6.27,6.22,6.24,6.23,0.03,0.4815,0.0379,61343008,382855225,1.15E+12,1.01E+12
2019/9/9,'601857,中国石油,6.33,6.33,6.25,6.29,6.26,0.07,1.1182,0.061,98782834,622132018,1.16E+12,1.02E+12
2019/9/10,'601857,中国石油,6.35,6.36,6.29,6.33,6.33,0.02,0.316,0.0457,73980655,467955462,1.16E+12,1.03E+12
2019/9/11,'601857,中国石油,6.32,6.35,6.31,6.35,6.35,-0.03,-0.4724,0.0335,54298036,343928147,1.16E+12,1.02E+12
2019/9/12,'601857,中国石油,6.28,6.33,6.26,6.31,6.32,-0.04,-0.6329,0.0443,71761298,451026819,1.15E+12,1.02E+12
2019/9/16,'601857,中国石油,6.5,6.59,6.46,6.54,6.28,0.22,3.5032,0.1917,310385190,2027363130,1.19E+12,1.05E+12
2019/9/17,'601857,中国石油,6.42,6.53,6.41,6.52,6.5,-0.08,-1.2308,0.0833,134806966,869044450,1.17E+12,1.04E+12
2019/9/18,'601857,中国石油,6.33,6.36,6.32,6.36,6.42,-0.09,-1.4019,0.0645,104498812,661869224,1.16E+12,1.02E+12
2019/9/19,'601857,中国石油,6.35,6.35,6.29,6.32,6.33,0.02,0.316,0.0386,62429180,394221420,1.16E+12,1.03E+12
2019/9/20,'601857,中国石油,6.38,6.4,6.33,6.35,6.35,0.03,0.4724,0.0351,56850312,361538818,1.17E+12,1.03E+12
2019/9/23,'601857,中国石油,6.36,6.4,6.35,6.38,6.38,-0.02,-0.3135,0.0296,47942820,305239536,1.16E+12,1.03E+12
2019/9/24,'601857,XD中国石,6.26,6.3,6.25,6.3,6.28,-0.02,-0.3185,0.0251,40676470,255223610,1.15E+12,1.01E+12
2019/9/25,'601857,中国石油,6.15,6.24,6.14,6.24,6.26,-0.11,-1.7572,0.0367,59373619,366708184,1.13E+12,9.96E+11
2019/9/26,'601857,中国石油,6.1,6.17,6.1,6.15,6.15,-0.05,-0.813,0.0296,47886279,293203057,1.12E+12,9.88E+11
2019/9/27,'601857,中国石油,6.11,6.12,6.07,6.1,6.1,0.01,0.1639,0.0298,48293716,293944707,1.12E+12,9.89E+11
2019/9/30,'601857,中国石油,6.19,6.25,6.17,6.19,6.11,0.08,1.3093,0.0518,83796756,520293662,1.13E+12,1.00E+12
2019/10/8,'601857,中国石油,6.11,6.19,6.11,6.19,6.19,-0.08,-1.2924,0.0501,81068578,497849735,1.12E+12,9.89E+11
2019/10/9,'601857,中国石油,6.1,6.1,6.06,6.09,6.11,-0.01,-0.1637,0.0339,54854341,333383054,1.12E+12,9.88E+11
2019/10/10,'601857,中国石油,6.09,6.1,6.07,6.09,6.1,-0.01,-0.1639,0.0303,49054727,298517426,1.11E+12,9.86E+11
2019/10/11,'601857,中国石油,6.17,6.19,6.09,6.1,6.09,0.08,1.3136,0.0523,84721229,519789196,1.13E+12,9.99E+11
2019/10/14,'601857,中国石油,6.16,6.19,6.14,6.17,6.17,-0.01,-0.1621,0.0449,72654853,447728561,1.13E+12,9.97E+11
2019/10/15,'601857,中国石油,6.11,6.15,6.1,6.15,6.16,-0.05,-0.8117,0.0281,45439229,278066695,1.12E+12,9.89E+11
2019/10/16,'601857,中国石油,6.09,6.13,6.09,6.11,6.11,-0.02,-0.3273,0.0223,36113649,220428106,1.11E+12,9.86E+11
2019/10/17,'601857,中国石油,6.11,6.12,6.09,6.09,6.09,0.02,0.3284,0.0185,30001051,182986022,1.12E+12,9.89E+11
2019/10/18,'601857,中国石油,6.06,6.12,6.05,6.11,6.11,-0.05,-0.8183,0.0305,49443043,300487138,1.11E+12,9.81E+11
2019/10/21,'601857,中国石油,6.06,6.07,6.03,6.06,6.06,0,0,0.0251,40668292,245894980,1.11E+12,9.81E+11
2019/10/22,'601857,中国石油,6.07,6.07,6.04,6.07,6.06,0.01,0.165,0.0224,36311448,219741812,1.11E+12,9.83E+11
2019/10/23,'601857,中国石油,6.05,6.08,6.05,6.08,6.07,-0.02,-0.3295,0.0197,31953065,193554360,1.11E+12,9.80E+11
2019/10/24,'601857,中国石油,6.06,6.09,6.05,6.07,6.05,0.01,0.1653,0.0258,41772553,253293703,1.11E+12,9.81E+11
2019/10/25,'601857,中国石油,6.06,6.07,6.03,6.07,6.06,0,0,0.035,56708948,342748087,1.11E+12,9.81E+11
2019/10/28,'601857,中国石油,6.07,6.07,6.04,6.06,6.06,0.01,0.165,0.0423,68466674,414281211,1.11E+12,9.83E+11
2019/10/29,'601857,中国石油,6.03,6.06,6.03,6.05,6.07,-0.04,-0.659,0.0236,38255615,231148734,1.10E+12,9.76E+11
2019/10/30,'601857,中国石油,5.98,6.03,5.98,6.03,6.03,-0.05,-0.8292,0.0369,59737125,358540585,1.09E+12,9.68E+11
2019/10/31,'601857,中国石油,5.88,5.96,5.88,5.95,5.98,-0.1,-1.6722,0.0651,105338295,623262545,1.08E+12,9.52E+11
2019/11/1,'601857,中国石油,5.89,5.9,5.84,5.85,5.88,0.01,0.1701,0.0373,60434609,354635170,1.08E+12,9.54E+11
2019/11/4,'601857,中国石油,5.89,5.92,5.87,5.91,5.89,0,0,0.0341,55173803,324839974,1.08E+12,9.54E+11
2019/11/5,'601857,中国石油,5.9,5.91,5.86,5.89,5.89,0.01,0.1698,0.0338,54681121,321818219,1.08E+12,9.55E+11
2019/11/6,'601857,中国石油,5.85,5.89,5.85,5.89,5.9,-0.05,-0.8475,0.0258,41801207,245274178,1.07E+12,9.47E+11
2019/11/7,'601857,中国石油,5.82,5.85,5.8,5.85,5.85,-0.03,-0.5128,0.04,64844351,377637201,1.07E+12,9.42E+11
2019/11/8,'601857,中国石油,5.79,5.84,5.78,5.83,5.82,-0.03,-0.5155,0.0387,62707932,364162075,1.06E+12,9.38E+11
2019/11/11,'601857,中国石油,5.67,5.77,5.67,5.77,5.79,-0.12,-2.0725,0.0465,75264333,430006348,1.04E+12,9.18E+11
2019/11/12,'601857,中国石油,5.63,5.68,5.61,5.67,5.67,-0.04,-0.7055,0.0378,61171693,344526975,1.03E+12,9.12E+11
2019/11/13,'601857,中国石油,5.57,5.62,5.56,5.61,5.63,-0.06,-1.0657,0.0416,67345495,375974212,1.02E+12,9.02E+11
2019/11/14,'601857,中国石油,5.6,5.62,5.56,5.57,5.57,0.03,0.5386,0.0335,54305552,303823714,1.02E+12,9.07E+11
2019/11/15,'601857,中国石油,5.5,5.6,5.5,5.6,5.6,-0.1,-1.7857,0.0496,80373571,445246533,1.01E+12,8.91E+11
2019/11/18,'601857,中国石油,5.52,5.54,5.49,5.51,5.5,0.02,0.3636,0.0364,58983471,325213202,1.01E+12,8.94E+11
2019/11/19,'601857,中国石油,5.54,5.54,5.49,5.5,5.52,0.02,0.3623,0.0353,57197068,315482291,1.01E+12,8.97E+11
2019/11/20,'601857,中国石油,5.52,5.53,5.5,5.52,5.54,-0.02,-0.361,0.0286,46279256,255095887,1.01E+12,8.94E+11
2019/11/21,'601857,中国石油,5.61,5.62,5.5,5.52,5.52,0.09,1.6304,0.0614,99407545,554529369,1.03E+12,9.08E+11
2019/11/22,'601857,中国石油,5.61,5.63,5.58,5.62,5.61,0,0,0.0386,62575487,350854913,1.03E+12,9.08E+11
2019/11/25,'601857,中国石油,5.71,5.72,5.6,5.6,5.61,0.1,1.7825,0.0533,86356009,490519130,1.05E+12,9.25E+11
2019/11/26,'601857,中国石油,5.66,5.7,5.65,5.7,5.71,-0.05,-0.8757,0.0387,62604113,354857342,1.04E+12,9.16E+11
2019/11/27,'601857,中国石油,5.66,5.7,5.64,5.67,5.66,0,0,0.0205,33188294,188088742,1.04E+12,9.16E+11
2019/11/28,'601857,中国石油,5.62,5.68,5.6,5.67,5.66,-0.04,-0.7067,0.0231,37354154,210311294,1.03E+12,9.10E+11
2019/11/29,'601857,中国石油,5.59,5.63,5.58,5.62,5.62,-0.03,-0.5338,0.0215,34877183,195252275,1.02E+12,9.05E+11
2019/12/2,'601857,中国石油,5.56,5.59,5.55,5.57,5.59,-0.03,-0.5367,0.0193,31282800,174129366,1.02E+12,9.00E+11
2019/12/3,'601857,中国石油,5.58,5.58,5.54,5.57,5.56,0.02,0.3597,0.018,29182871,162205441,1.02E+12,9.04E+11
2019/12/4,'601857,中国石油,5.58,5.58,5.55,5.56,5.58,0,0,0.0166,26814545,149209268,1.02E+12,9.04E+11
2019/12/5,'601857,中国石油,5.63,5.63,5.59,5.61,5.58,0.05,0.8961,0.025,40544079,227687970,1.03E+12,9.12E+11
2019/12/6,'601857,中国石油,5.64,5.64,5.61,5.63,5.63,0.01,0.1776,0.0186,30154291,169639428,1.03E+12,9.13E+11
2019/12/9,'601857,中国石油,5.65,5.66,5.61,5.64,5.64,0.01,0.1773,0.0265,42943647,241968933,1.03E+12,9.15E+11
2019/12/10,'601857,中国石油,5.65,5.66,5.6,5.64,5.65,0,0,0.0298,48289410,271893693,1.03E+12,9.15E+11
2019/12/11,'601857,中国石油,5.65,5.66,5.63,5.66,5.65,0,0,0.0233,37683524,212757819,1.03E+12,9.15E+11
2019/12/12,'601857,中国石油,5.63,5.66,5.63,5.65,5.65,-0.02,-0.354,0.0238,38523075,217461050,1.03E+12,9.12E+11
2019/12/13,'601857,中国石油,5.69,5.72,5.64,5.66,5.63,0.06,1.0657,0.0523,84648652,481767289,1.04E+12,9.21E+11
2019/12/16,'601857,中国石油,5.77,5.78,5.68,5.71,5.69,0.08,1.406,0.045,72787069,417173933,1.06E+12,9.34E+11
2019/12/17,'601857,中国石油,5.85,5.87,5.74,5.77,5.77,0.08,1.3865,0.0657,106313905,618670130,1.07E+12,9.47E+11
2019/12/18,'601857,中国石油,5.82,5.86,5.81,5.85,5.85,-0.03,-0.5128,0.0329,53227076,310647399,1.07E+12,9.42E+11
2019/12/19,'601857,中国石油,5.82,5.84,5.8,5.81,5.82,0,0,0.0207,33502811,194816521,1.07E+12,9.42E+11
2019/12/20,'601857,中国石油,5.8,5.85,5.8,5.83,5.82,-0.02,-0.3436,0.0248,40194898,233871593,1.06E+12,9.39E+11
2019/12/23,'601857,中国石油,5.71,5.81,5.7,5.8,5.8,-0.09,-1.5517,0.0298,48299424,277548625,1.05E+12,9.25E+11
2019/12/24,'601857,中国石油,5.73,5.74,5.7,5.71,5.71,0.02,0.3503,0.0184,29824820,170607073,1.05E+12,9.28E+11
2019/12/25,'601857,中国石油,5.72,5.74,5.7,5.74,5.73,-0.01,-0.1745,0.0149,24126858,137916555,1.05E+12,9.26E+11
2019/12/26,'601857,中国石油,5.73,5.73,5.7,5.71,5.72,0.01,0.1748,0.0189,30654684,175257139,1.05E+12,9.28E+11
2019/12/27,'601857,中国石油,5.78,5.83,5.73,5.73,5.73,0.05,0.8726,0.0405,65523742,378993114,1.06E+12,9.36E+11
2019/12/30,'601857,中国石油,5.82,5.83,5.75,5.78,5.78,0.04,0.692,0.0315,51029015,296089973,1.07E+12,9.42E+11
2019/12/31,'601857,中国石油,5.83,5.84,5.78,5.8,5.82,0.01,0.1718,0.0245,39722302,230670803,1.07E+12,9.44E+11
2020/1/2,'601857,中国石油,5.87,5.88,5.84,5.86,5.83,0.04,0.6861,0.045,72808500,427014028,1.07E+12,9.50E+11
2020/1/3,'601857,中国石油,5.95,5.99,5.86,5.87,5.87,0.08,1.3629,0.074,119856782,712671271,1.09E+12,9.63E+11
2020/1/6,'601857,中国石油,6.23,6.28,6.02,6.03,5.95,0.28,4.7059,0.1863,301646124,1859195864,1.14E+12,1.01E+12
2020/1/7,'601857,中国石油,6.11,6.17,6.07,6.17,6.23,-0.12,-1.9262,0.0943,152681755,931508895,1.12E+12,9.89E+11
2020/1/8,'601857,中国石油,6.23,6.3,6.15,6.26,6.11,0.12,1.964,0.1331,215451333,1337592338,1.14E+12,1.01E+12
2020/1/9,'601857,中国石油,6.06,6.08,6,6.04,6.23,-0.17,-2.7287,0.0988,159983683,966146262,1.11E+12,9.81E+11
2020/1/10,'601857,中国石油,5.99,6.04,5.96,6.04,6.06,-0.07,-1.1551,0.0569,92130621,551691385,1.10E+12,9.70E+11
2020/1/13,'601857,中国石油,5.97,5.99,5.93,5.99,5.99,-0.02,-0.3339,0.034,55118392,327829650,1.09E+12,9.67E+11
2020/1/14,'601857,中国石油,5.95,5.98,5.94,5.95,5.97,-0.02,-0.335,0.0275,44480419,265271834,1.09E+12,9.63E+11
2020/1/15,'601857,中国石油,5.87,5.97,5.86,5.95,5.95,-0.08,-1.3445,0.0445,72014546,424495017,1.07E+12,9.50E+11
2020/1/16,'601857,中国石油,5.83,5.89,5.81,5.88,5.87,-0.04,-0.6814,0.0357,57860992,337630232,1.07E+12,9.44E+11
2020/1/17,'601857,中国石油,5.84,5.87,5.83,5.84,5.83,0.01,0.1715,0.0226,36667641,214376983,1.07E+12,9.46E+11
2020/1/20,'601857,中国石油,5.85,5.86,5.81,5.85,5.84,0.01,0.1712,0.033,53408389,311510573,1.07E+12,9.47E+11
2020/1/21,'601857,中国石油,5.79,5.85,5.78,5.85,5.85,-0.06,-1.0256,0.0346,56028546,324824586,1.06E+12,9.38E+11
2020/1/22,'601857,中国石油,5.74,5.77,5.71,5.76,5.79,-0.05,-0.8636,0.0409,66239738,379676573,1.05E+12,9.29E+11
2020/1/23,'601857,中国石油,5.64,5.72,5.62,5.7,5.74,-0.1,-1.7422,0.0503,81444447,460859100,1.03E+12,9.13E+11
2020/2/3,'601857,中国石油,5.13,5.29,5.08,5.14,5.64,-0.51,-9.0426,0.1402,227093729,1167352624,9.39E+11,8.31E+11
2020/2/4,'601857,中国石油,5.17,5.19,5.06,5.07,5.13,0.04,0.7797,0.0657,106459420,547645930,9.46E+11,8.37E+11
2020/2/5,'601857,中国石油,5.21,5.27,5.13,5.17,5.17,0.04,0.7737,0.0632,102318674,532964335,9.54E+11,8.44E+11
2020/2/6,'601857,中国石油,5.27,5.29,5.21,5.25,5.21,0.06,1.1516,0.0535,86647363,455310305,9.65E+11,8.53E+11
2020/2/7,'601857,中国石油,5.28,5.28,5.21,5.24,5.27,0.01,0.1898,0.0378,61128263,319828128,9.66E+11,8.55E+11
2020/2/10,'601857,中国石油,5.28,5.29,5.22,5.24,5.28,0,0,0.0347,56130919,295251828,9.66E+11,8.55E+11
2020/2/11,'601857,中国石油,5.3,5.34,5.26,5.27,5.28,0.02,0.3788,0.044,71171722,377281439,9.70E+11,8.58E+11
2020/2/12,'601857,中国石油,5.31,5.32,5.28,5.29,5.3,0.01,0.1887,0.0337,54500038,288657741,9.72E+11,8.60E+11
2020/2/13,'601857,中国石油,5.28,5.35,5.28,5.33,5.31,-0.03,-0.565,0.0331,53568587,284224188,9.66E+11,8.55E+11
2020/2/14,'601857,中国石油,5.28,5.3,5.25,5.26,5.28,0,0,0.0296,47917020,252872541,9.66E+11,8.55E+11
2020/2/17,'601857,中国石油,5.38,5.38,5.27,5.29,5.28,0.1,1.8939,0.0521,84392095,450155266,9.85E+11,8.71E+11
2020/2/18,'601857,中国石油,5.35,5.38,5.33,5.38,5.38,-0.03,-0.5576,0.0458,74201915,396980717,9.79E+11,8.66E+11
2020/2/19,'601857,中国石油,5.33,5.36,5.32,5.35,5.35,-0.02,-0.3738,0.0458,74189083,395688944,9.76E+11,8.63E+11
2020/2/20,'601857,中国石油,5.38,5.38,5.32,5.35,5.33,0.05,0.9381,0.0652,105637160,564952420,9.85E+11,8.71E+11
2020/2/21,'601857,中国石油,5.37,5.38,5.34,5.35,5.38,-0.01,-0.1859,0.0703,113816298,609926963,9.83E+11,8.70E+11
2020/2/24,'601857,中国石油,5.28,5.34,5.27,5.34,5.37,-0.09,-1.676,0.0853,138156164,731039952,9.66E+11,8.55E+11
2020/2/25,'601857,中国石油,5.19,5.22,5.15,5.2,5.28,-0.09,-1.7045,0.0929,150412876,779444089,9.50E+11,8.40E+11
2020/2/26,'601857,中国石油,5.22,5.24,5.12,5.15,5.19,0.03,0.578,0.0989,160220097,833178213,9.55E+11,8.45E+11
2020/2/27,'601857,中国石油,5.17,5.21,5.16,5.2,5.22,-0.05,-0.9579,0.0841,136252257,705610730,9.46E+11,8.37E+11
2020/2/28,'601857,中国石油,5.07,5.14,5.06,5.11,5.17,-0.1,-1.9342,0.1292,209149489,1064602676,9.28E+11,8.21E+11
2020/3/2,'601857,中国石油,5.17,5.18,5.1,5.11,5.07,0.1,1.9724,0.0859,139114686,716386394,9.46E+11,8.37E+11
2020/3/3,'601857,中国石油,5.19,5.24,5.17,5.23,5.17,0.02,0.3868,0.0772,125035559,650013359,9.50E+11,8.40E+11
2020/3/4,'601857,中国石油,5.18,5.19,5.15,5.18,5.19,-0.01,-0.1927,0.0554,89700352,463382133,9.48E+11,8.39E+11
2020/3/5,'601857,中国石油,5.25,5.25,5.18,5.2,5.18,0.07,1.3514,0.0951,153980518,803908182,9.61E+11,8.50E+11
2020/3/6,'601857,中国石油,5.2,5.22,5.17,5.2,5.25,-0.05,-0.9524,0.0677,109633592,569531778,9.52E+11,8.42E+11
2020/3/9,'601857,中国石油,5.15,5.24,5.02,5.06,5.2,-0.05,-0.9615,0.14,226621865,1158158211,9.43E+11,8.34E+11
2020/3/10,'601857,中国石油,5.15,5.16,5.06,5.1,5.15,0,0,0.0836,135358732,691745637,9.43E+11,8.34E+11
2020/3/11,'601857,中国石油,5.12,5.17,5.11,5.15,5.15,-0.03,-0.5825,0.053,85888083,441412574,9.37E+11,8.29E+11
2020/3/12,'601857,中国石油,5.07,5.11,5.06,5.08,5.12,-0.05,-0.9766,0.0582,94317442,478813020,9.28E+11,8.21E+11
2020/3/13,'601857,中国石油,5.04,5.08,4.92,5,5.07,-0.03,-0.5917,0.0832,134749475,672317405,9.22E+11,8.16E+11
2020/3/16,'601857,中国石油,5.03,5.13,5.02,5.05,5.04,-0.01,-0.1984,0.0729,117961612,598050173,9.21E+11,8.14E+11
2020/3/17,'601857,中国石油,5.01,5.06,4.95,5.01,5.03,-0.02,-0.3976,0.059,95482098,476788845,9.17E+11,8.11E+11
2020/3/18,'601857,中国石油,4.95,5.03,4.95,5.01,5.01,-0.06,-1.1976,0.0536,86839957,433599986,9.06E+11,8.02E+11
2020/3/19,'601857,中国石油,4.88,4.96,4.85,4.94,4.95,-0.07,-1.4141,0.0807,130684222,640038705,8.93E+11,7.90E+11
2020/3/20,'601857,中国石油,4.91,4.94,4.87,4.92,4.88,0.03,0.6148,0.0637,103204371,505579453,8.99E+11,7.95E+11
2020/3/23,'601857,中国石油,4.81,4.85,4.8,4.84,4.91,-0.1,-2.0367,0.0659,106705582,514036501,8.80E+11,7.79E+11
2020/3/24,'601857,中国石油,4.84,4.87,4.8,4.84,4.81,0.03,0.6237,0.0649,105155949,508054052,8.86E+11,7.84E+11
2020/3/25,'601857,中国石油,4.86,4.89,4.84,4.87,4.84,0.02,0.4132,0.0937,151650210,736600655,8.89E+11,7.87E+11
2020/3/26,'601857,中国石油,4.79,4.85,4.78,4.85,4.86,-0.07,-1.4403,0.0963,155892679,749711077,8.77E+11,7.76E+11
2020/3/27,'601857,中国石油,4.74,4.81,4.73,4.8,4.79,-0.05,-1.0438,0.1291,209053431,994193940,8.68E+11,7.68E+11
2020/3/30,'601857,中国石油,4.62,4.69,4.61,4.69,4.74,-0.12,-2.5316,0.0902,146020918,676286264,8.46E+11,7.48E+11
2020/3/31,'601857,中国石油,4.62,4.65,4.6,4.64,4.62,0,0,0.1134,183554957,847471212,8.46E+11,7.48E+11
2020/4/1,'601857,中国石油,4.55,4.62,4.54,4.61,4.62,-0.07,-1.5152,0.1151,186412968,852263979,8.33E+11,7.37E+11
2020/4/2,'601857,中国石油,4.71,4.74,4.49,4.52,4.55,0.16,3.5165,0.2548,412537466,1904937548,8.62E+11,7.63E+11
2020/4/3,'601857,中国石油,4.63,4.73,4.61,4.73,4.71,-0.08,-1.6985,0.1728,279856007,1305158248,8.47E+11,7.50E+11
2020/4/7,'601857,中国石油,4.67,4.7,4.65,4.68,4.63,0.04,0.8639,0.1543,249824945,1166377663,8.55E+11,7.56E+11
2020/4/8,'601857,中国石油,4.64,4.66,4.61,4.64,4.67,-0.03,-0.6424,0.1197,193838632,898071054,8.49E+11,7.51E+11
2020/4/9,'601857,中国石油,4.65,4.68,4.63,4.67,4.64,0.01,0.2155,0.0817,132237118,614778722,8.51E+11,7.53E+11
2020/4/10,'601857,中国石油,4.6,4.65,4.58,4.65,4.65,-0.05,-1.0753,0.1017,164753045,759242618,8.42E+11,7.45E+11
2020/4/13,'601857,中国石油,4.58,4.64,4.58,4.62,4.6,-0.02,-0.4348,0.0702,113647632,523325758,8.38E+11,7.42E+11
2020/4/14,'601857,中国石油,4.59,4.6,4.56,4.59,4.58,0.01,0.2183,0.0793,128355795,587443923,8.40E+11,7.43E+11
2020/4/15,'601857,中国石油,4.55,4.57,4.55,4.57,4.59,-0.04,-0.8715,0.0694,112297162,512079194,8.33E+11,7.37E+11
2020/4/16,'601857,中国石油,4.53,4.54,4.51,4.53,4.55,-0.02,-0.4396,0.072,116651794,528045717,8.29E+11,7.34E+11
2020/4/17,'601857,中国石油,4.55,4.58,4.54,4.54,4.53,0.02,0.4415,0.0768,124297105,566497469,8.33E+11,7.37E+11
2020/4/20,'601857,中国石油,4.55,4.57,4.51,4.53,4.55,0,0,0.0633,102497802,465492414,8.33E+11,7.37E+11
2020/4/21,'601857,中国石油,4.51,4.53,4.5,4.52,4.55,-0.04,-0.8791,0.0679,109960957,496455835,8.25E+11,7.30E+11
2020/4/22,'601857,中国石油,4.46,4.47,4.43,4.47,4.51,-0.05,-1.1086,0.0846,136997191,609949468,8.16E+11,7.22E+11
2020/4/23,'601857,中国石油,4.55,4.59,4.47,4.48,4.46,0.09,2.0179,0.1143,185032553,840846860,8.33E+11,7.37E+11
2020/4/24,'601857,中国石油,4.48,4.56,4.48,4.55,4.55,-0.07,-1.5385,0.0659,106711101,481471383,8.20E+11,7.25E+11
2020/4/27,'601857,中国石油,4.45,4.5,4.45,4.47,4.48,-0.03,-0.6696,0.0468,75706314,338545181,8.14E+11,7.21E+11
2020/4/28,'601857,中国石油,4.36,4.45,4.33,4.44,4.45,-0.09,-2.0225,0.0794,128594575,563227949,7.98E+11,7.06E+11
2020/4/29,'601857,中国石油,4.38,4.41,4.37,4.37,4.36,0.02,0.4587,0.0373,60415182,265211726,8.02E+11,7.09E+11
2020/4/30,'601857,中国石油,4.44,4.46,4.37,4.38,4.38,0.06,1.3699,0.0531,85973295,380815016,8.13E+11,7.19E+11
2020/5/6,'601857,中国石油,4.47,4.49,4.42,4.44,4.44,0.03,0.6757,0.0545,88177097,393435663,8.18E+11,7.24E+11
2020/5/7,'601857,中国石油,4.45,4.48,4.44,4.47,4.47,-0.02,-0.4474,0.0377,61056105,272009347,8.14E+11,7.21E+11
2020/5/8,'601857,中国石油,4.47,4.48,4.46,4.47,4.45,0.02,0.4494,0.0345,55870408,249644424,8.18E+11,7.24E+11
2020/5/11,'601857,中国石油,4.47,4.49,4.46,4.48,4.47,0,0,0.0344,55730677,249246081,8.18E+11,7.24E+11
2020/5/12,'601857,中国石油,4.43,4.47,4.42,4.47,4.47,-0.04,-0.8949,0.0322,52202891,231767535,8.11E+11,7.17E+11
2020/5/13,'601857,中国石油,4.43,4.43,4.4,4.43,4.43,0,0,0.0272,44111721,194804140,8.11E+11,7.17E+11
2020/5/14,'601857,中国石油,4.4,4.42,4.4,4.42,4.43,-0.03,-0.6772,0.0271,43927251,193437307,8.05E+11,7.12E+11
2020/5/15,'601857,中国石油,4.42,4.43,4.41,4.42,4.4,0.02,0.4545,0.0254,41088010,181603761,8.09E+11,7.16E+11
2020/5/18,'601857,中国石油,4.44,4.46,4.43,4.45,4.42,0.02,0.4525,0.0383,61974604,275266869,8.13E+11,7.19E+11
2020/5/19,'601857,中国石油,4.46,4.51,4.46,4.48,4.44,0.02,0.4505,0.0552,89322364,400332924,8.16E+11,7.22E+11
2020/5/20,'601857,中国石油,4.43,4.46,4.42,4.46,4.46,-0.03,-0.6726,0.037,59975700,266014278,8.11E+11,7.17E+11
2020/5/21,'601857,中国石油,4.45,4.47,4.42,4.45,4.43,0.02,0.4515,0.0474,76749769,340611459,8.14E+11,7.21E+11
2020/5/22,'601857,中国石油,4.37,4.44,4.36,4.44,4.45,-0.08,-1.7978,0.058,93991808,412772209,8.00E+11,7.08E+11
2020/5/25,'601857,中国石油,4.34,4.37,4.33,4.37,4.37,-0.03,-0.6865,0.038,61514353,267082669,7.94E+11,7.03E+11
2020/5/26,'601857,中国石油,4.35,4.36,4.33,4.34,4.34,0.01,0.2304,0.0397,64205918,278758637,7.96E+11,7.04E+11
2020/5/27,'601857,中国石油,4.31,4.35,4.3,4.35,4.35,-0.04,-0.9195,0.0429,69391811,299635240,7.89E+11,6.98E+11
2020/5/28,'601857,中国石油,4.29,4.33,4.28,4.3,4.31,-0.02,-0.464,0.055,88980863,382362636,7.85E+11,6.95E+11
2020/5/29,'601857,中国石油,4.25,4.29,4.22,4.28,4.29,-0.04,-0.9324,0.0863,139815262,594239007,7.78E+11,6.88E+11
2020/6/1,'601857,中国石油,4.29,4.3,4.25,4.26,4.25,0.04,0.9412,0.058,93876816,401813611,7.85E+11,6.95E+11
2020/6/2,'601857,中国石油,4.31,4.31,4.28,4.29,4.29,0.02,0.4662,0.0417,67477346,290071220,7.89E+11,6.98E+11
2020/6/3,'601857,中国石油,4.34,4.37,4.32,4.33,4.31,0.03,0.6961,0.0469,75972862,330470821,7.94E+11,7.03E+11
2020/6/4,'601857,中国石油,4.32,4.35,4.3,4.34,4.34,-0.02,-0.4608,0.0354,57364217,247462376,7.91E+11,7.00E+11
2020/6/5,'601857,中国石油,4.3,4.32,4.28,4.31,4.32,-0.02,-0.463,0.0319,51673183,221838519,7.87E+11,6.96E+11
2020/6/8,'601857,中国石油,4.34,4.36,4.33,4.35,4.3,0.04,0.9302,0.0499,80871474,351105168,7.94E+11,7.03E+11
2020/6/9,'601857,中国石油,4.35,4.35,4.33,4.35,4.34,0.01,0.2304,0.0369,59692860,259045256,7.96E+11,7.04E+11
2020/6/10,'601857,中国石油,4.32,4.35,4.31,4.34,4.35,-0.03,-0.6897,0.0314,50783402,219627592,7.91E+11,7.00E+11
2020/6/11,'601857,中国石油,4.28,4.32,4.27,4.31,4.32,-0.04,-0.9259,0.0386,62477333,268287299,7.83E+11,6.93E+11
2020/6/12,'601857,中国石油,4.26,4.27,4.22,4.23,4.28,-0.02,-0.4673,0.0504,81579721,346374121,7.80E+11,6.90E+11
2020/6/15,'601857,中国石油,4.23,4.25,4.22,4.24,4.26,-0.03,-0.7042,0.0343,55518983,235140576,7.74E+11,6.85E+11
2020/6/16,'601857,中国石油,4.27,4.28,4.23,4.25,4.23,0.04,0.9456,0.0383,62021404,263491702,7.82E+11,6.91E+11
2020/6/17,'601857,中国石油,4.25,4.26,4.23,4.25,4.27,-0.02,-0.4684,0.0321,52009560,220893540,7.78E+11,6.88E+11
2020/6/18,'601857,中国石油,4.29,4.32,4.23,4.24,4.25,0.04,0.9412,0.0493,79832736,341813040,7.85E+11,6.95E+11
2020/6/19,'601857,中国石油,4.3,4.31,4.25,4.27,4.29,0.01,0.2331,0.0488,79035747,338442686,7.87E+11,6.96E+11
2020/6/22,'601857,中国石油,4.27,4.31,4.27,4.3,4.3,-0.03,-0.6977,0.0375,60774765,260633820,7.82E+11,6.91E+11
2020/6/23,'601857,中国石油,4.26,4.28,4.25,4.28,4.27,-0.01,-0.2342,0.0328,53115905,226543582,7.80E+11,6.90E+11
2020/6/24,'601857,中国石油,4.26,4.27,4.25,4.26,4.26,0,0,0.0326,52723594,224645378,7.80E+11,6.90E+11
2020/6/29,'601857,中国石油,4.24,4.27,4.23,4.26,4.26,-0.02,-0.4695,0.0339,54861604,232907011,7.76E+11,6.87E+11
2020/6/30,'601857,XD中国石,4.19,4.2,4.18,4.2,4.17,0.02,0.4796,0.0296,47947188,200938795,7.67E+11,6.78E+11
2020/7/1,'601857,中国石油,4.25,4.26,4.18,4.19,4.19,0.06,1.432,0.0532,86165989,363009046,7.78E+11,6.88E+11
2020/7/2,'601857,中国石油,4.32,4.33,4.23,4.24,4.25,0.07,1.6471,0.095,153857647,659477227,7.91E+11,7.00E+11
2020/7/3,'601857,中国石油,4.42,4.45,4.32,4.33,4.32,0.1,2.3148,0.1375,222616461,977995754,8.09E+11,7.16E+11
2020/7/6,'601857,中国石油,4.72,4.74,4.44,4.44,4.42,0.3,6.7873,0.2738,443275190,2033077360,8.64E+11,7.64E+11
2020/7/7,'601857,中国石油,4.7,4.88,4.66,4.77,4.72,-0.02,-0.4237,0.2457,397893345,1886736423,8.60E+11,7.61E+11
2020/7/8,'601857,中国石油,4.67,4.69,4.58,4.67,4.7,-0.03,-0.6383,0.1671,270532624,1255098821,8.55E+11,7.56E+11
2020/7/9,'601857,中国石油,4.74,4.77,4.63,4.68,4.67,0.07,1.4989,0.1613,261168874,1224970983,8.68E+11,7.68E+11
2020/7/10,'601857,中国石油,4.6,4.7,4.59,4.7,4.74,-0.14,-2.9536,0.125,202448610,939764875,8.42E+11,7.45E+11
2020/7/13,'601857,中国石油,4.63,4.66,4.57,4.59,4.6,0.03,0.6522,0.1072,173551732,801412954,8.47E+11,7.50E+11
2020/7/14,'601857,中国石油,4.56,4.62,4.52,4.62,4.63,-0.07,-1.5119,0.1092,176757915,808282988,8.35E+11,7.38E+11
2020/7/15,'601857,中国石油,4.49,4.6,4.48,4.58,4.56,-0.07,-1.5351,0.093,150545694,681615895,8.22E+11,7.27E+11
2020/7/16,'601857,中国石油,4.41,4.52,4.4,4.5,4.49,-0.08,-1.7817,0.1079,174747849,778710532,8.07E+11,7.14E+11
2020/7/17,'601857,中国石油,4.39,4.43,4.36,4.4,4.41,-0.02,-0.4535,0.0709,114824684,504085395,8.03E+11,7.11E+11
2020/7/20,'601857,中国石油,4.49,4.5,4.38,4.4,4.39,0.1,2.2779,0.0803,130034110,578626512,8.22E+11,7.27E+11
2020/7/21,'601857,中国石油,4.47,4.52,4.45,4.5,4.49,-0.02,-0.4454,0.0524,84861965,379497815,8.18E+11,7.24E+11
2020/7/22,'601857,中国石油,4.61,4.65,4.5,4.5,4.47,0.14,3.132,0.1749,283144151,1303041600,8.44E+11,7.46E+11
2020/7/23,'601857,中国石油,4.54,4.6,4.48,4.58,4.61,-0.07,-1.5184,0.1095,177301977,803923545,8.31E+11,7.35E+11
2020/7/24,'601857,中国石油,4.5,4.66,4.49,4.62,4.54,-0.04,-0.8811,0.1335,216125883,988549030,8.24E+11,7.29E+11
2020/7/27,'601857,中国石油,4.46,4.53,4.42,4.51,4.5,-0.04,-0.8889,0.0644,104263759,465300417,8.16E+11,7.22E+11
2020/7/28,'601857,中国石油,4.47,4.51,4.46,4.47,4.46,0.01,0.2242,0.049,79414097,356134553,8.18E+11,7.24E+11
2020/7/29,'601857,中国石油,4.5,4.51,4.42,4.45,4.47,0.03,0.6711,0.0561,90811197,405241069,8.24E+11,7.29E+11
2020/7/30,'601857,中国石油,4.46,4.51,4.45,4.5,4.5,-0.04,-0.8889,0.0426,69025380,308697742,8.16E+11,7.22E+11
2020/7/31,'601857,中国石油,4.45,4.51,4.42,4.44,4.46,-0.01,-0.2242,0.0615,99610118,443949977,8.14E+11,7.21E+11
2020/8/3,'601857,中国石油,4.48,4.5,4.43,4.45,4.45,0.03,0.6742,0.0766,124056138,553528907,8.20E+11,7.25E+11
2020/8/4,'601857,中国石油,4.53,4.55,4.46,4.49,4.48,0.05,1.1161,0.0856,138654129,624202086,8.29E+11,7.34E+11
2020/8/5,'601857,中国石油,4.5,4.53,4.46,4.53,4.53,-0.03,-0.6623,0.0665,107714697,484087012,8.24E+11,7.29E+11
2020/8/6,'601857,中国石油,4.53,4.55,4.49,4.53,4.5,0.03,0.6667,0.0874,141514626,639520816,8.29E+11,7.34E+11
2020/8/7,'601857,中国石油,4.45,4.51,4.44,4.5,4.53,-0.08,-1.766,0.0716,115958049,518026043,8.14E+11,7.21E+11
2020/8/10,'601857,中国石油,4.47,4.48,4.43,4.45,4.45,0.02,0.4494,0.0489,79108815,352778310,8.18E+11,7.24E+11
2020/8/11,'601857,中国石油,4.45,4.5,4.44,4.49,4.47,-0.02,-0.4474,0.057,92287648,413343304,8.14E+11,7.21E+11
2020/8/12,'601857,中国石油,4.46,4.47,4.41,4.43,4.45,0.01,0.2247,0.0606,98193925,436188493,8.16E+11,7.22E+11
2020/8/13,'601857,中国石油,4.47,4.5,4.45,4.46,4.46,0.01,0.2242,0.045,72893696,326345195,8.18E+11,7.24E+11
2020/8/14,'601857,中国石油,4.48,4.49,4.44,4.47,4.47,0.01,0.2237,0.0393,63621909,283906242,8.20E+11,7.25E+11
2020/8/17,'601857,中国石油,4.54,4.55,4.47,4.47,4.48,0.06,1.3393,0.0978,158287650,715400884,8.31E+11,7.35E+11
2020/8/18,'601857,中国石油,4.53,4.55,4.51,4.54,4.54,-0.01,-0.2203,0.0576,93325518,422979696,8.29E+11,7.34E+11
2020/8/19,'601857,中国石油,4.52,4.56,4.5,4.53,4.53,-0.01,-0.2208,0.0605,97898016,443528198,8.27E+11,7.32E+11
2020/8/20,'601857,中国石油,4.46,4.52,4.45,4.52,4.52,-0.06,-1.3274,0.0626,101289920,453711212,8.16E+11,7.22E+11
2020/8/21,'601857,中国石油,4.46,4.48,4.45,4.47,4.46,0,0,0.0353,57202289,255417721,8.16E+11,7.22E+11
2020/8/24,'601857,中国石油,4.46,4.48,4.45,4.48,4.46,0,0,0.0376,60808981,271358773,8.16E+11,7.22E+11
2020/8/25,'601857,中国石油,4.45,4.47,4.43,4.47,4.46,-0.01,-0.2242,0.0345,55872314,248596403,8.14E+11,7.21E+11
2020/8/26,'601857,中国石油,4.43,4.46,4.42,4.45,4.45,-0.02,-0.4494,0.0406,65748886,291875819,8.11E+11,7.17E+11
2020/8/27,'601857,中国石油,4.43,4.44,4.41,4.42,4.43,0,0,0.0293,47470328,210154094,8.11E+11,7.17E+11
2020/8/28,'601857,中国石油,4.45,4.45,4.4,4.41,4.43,0.02,0.4515,0.049,79414758,351063283,8.14E+11,7.21E+11
2020/8/31,'601857,中国石油,4.43,4.46,4.42,4.44,4.45,-0.02,-0.4494,0.0395,63957297,284304985,8.11E+11,7.17E+11
2020/9/1,'601857,中国石油,4.41,4.43,4.39,4.42,4.43,-0.02,-0.4515,0.0439,71032894,312822064,8.07E+11,7.14E+11
2020/9/2,'601857,中国石油,4.35,4.4,4.34,4.4,4.41,-0.06,-1.3605,0.0667,107928308,470682930,7.96E+11,7.04E+11
2020/9/3,'601857,中国石油,4.31,4.37,4.31,4.34,4.35,-0.04,-0.9195,0.0523,84640042,366929525,7.89E+11,6.98E+11
2020/9/4,'601857,中国石油,4.31,4.31,4.27,4.29,4.31,0,0,0.0446,72138413,309760679,7.89E+11,6.98E+11
2020/9/7,'601857,中国石油,4.28,4.32,4.28,4.3,4.31,-0.03,-0.6961,0.0388,62805500,269923873,7.83E+11,6.93E+11
2020/9/8,'601857,中国石油,4.31,4.31,4.28,4.29,4.28,0.03,0.7009,0.0421,68232926,293003480,7.89E+11,6.98E+11
2020/9/9,'601857,中国石油,4.28,4.3,4.26,4.28,4.31,-0.03,-0.6961,0.0464,75194851,322182118,7.83E+11,6.93E+11
2020/9/10,'601857,中国石油,4.24,4.3,4.23,4.3,4.28,-0.04,-0.9346,0.05,80951505,345039497,7.76E+11,6.87E+11
2020/9/11,'601857,中国石油,4.24,4.26,4.21,4.23,4.24,0,0,0.0353,57173409,241936072,7.76E+11,6.87E+11
2020/9/14,'601857,中国石油,4.26,4.27,4.24,4.25,4.24,0.02,0.4717,0.0239,38679581,164565186,7.80E+11,6.90E+11
2020/9/15,'601857,中国石油,4.24,4.27,4.23,4.26,4.26,-0.02,-0.4695,0.0269,43619502,185322839,7.76E+11,6.87E+11
2020/9/16,'601857,中国石油,4.25,4.29,4.24,4.25,4.24,0.01,0.2358,0.0433,70086386,298688609,7.78E+11,6.88E+11
2020/9/17,'601857,中国石油,4.23,4.28,4.22,4.26,4.25,-0.02,-0.4706,0.0507,82148861,349003033,7.74E+11,6.85E+11
2020/9/18,'601857,中国石油,4.27,4.28,4.23,4.25,4.23,0.04,0.9456,0.0557,90199282,383406758,7.82E+11,6.91E+11
2020/9/21,'601857,中国石油,4.25,4.28,4.25,4.28,4.27,-0.02,-0.4684,0.0388,62860331,268049862,7.78E+11,6.88E+11
2020/9/22,'601857,中国石油,4.14,4.18,4.13,4.16,4.16,-0.02,-0.4808,0.05,80997216,336639397,7.58E+11,6.70E+11
2020/9/23,'601857,中国石油,4.11,4.15,4.11,4.14,4.14,-0.03,-0.7246,0.032,51865100,213956110,7.52E+11,6.66E+11
